{"cameraMode":{"drawMode":0,"name":"Shaded","section":"Shading Mode"},"sceneLighting":false,"audioPlay":false,"sceneViewState":{"m_AlwaysRefresh":true,"showFog":true,"showSkybox":false,"showFlares":true,"showImageEffects":true,"showParticleSystems":true,"showVisualEffectGraphs":true,"m_FxEnabled":true},"in2DMode":false,"pivot":{"x":1.628020167350769,"y":-0.08551830053329468,"z":2.02720308303833},"rotation":{"x":-0.1936761736869812,"y":-0.030902808532118799,"z":0.006116144824773073,"w":-0.980588436126709},"size":3.0523476600646974,"orthographic":false}