{"cameraMode":{"drawMode":0,"name":"Shaded","section":"Shading Mode"},"sceneLighting":false,"audioPlay":false,"sceneViewState":{"m_AlwaysRefresh":false,"showFog":false,"showSkybox":false,"showFlares":false,"showImageEffects":false,"showParticleSystems":false,"showVisualEffectGraphs":true,"m_FxEnabled":true},"in2DMode":false,"pivot":{"x":-0.15816444158554078,"y":0.8291856050491333,"z":-0.029475241899490358},"rotation":{"x":0.06246263161301613,"y":-0.9333035349845886,"z":0.29177558422088625,"w":0.1998027116060257},"size":1.1894980669021607,"orthographic":false}