{"cameraMode":{"drawMode":0,"name":"Shaded","section":"Shading Mode"},"sceneLighting":false,"audioPlay":false,"sceneViewState":{"m_AlwaysRefresh":true,"showFog":true,"showSkybox":false,"showFlares":true,"showImageEffects":true,"showParticleSystems":true,"showVisualEffectGraphs":true,"m_FxEnabled":true},"in2DMode":false,"pivot":{"x":-1.521754264831543,"y":-0.19523239135742188,"z":-0.2104182094335556},"rotation":{"x":0.13090583682060243,"y":-0.5825480222702026,"z":0.09573961794376373,"w":0.7964636087417603},"size":4.470207214355469,"orthographic":false}