{"cameraMode":{"drawMode":0,"name":"Shaded","section":"Shading Mode"},"sceneLighting":false,"audioPlay":false,"sceneViewState":{"m_AlwaysRefresh":true,"showFog":true,"showSkybox":false,"showFlares":true,"showImageEffects":true,"showParticleSystems":true,"showVisualEffectGraphs":true,"m_FxEnabled":true},"in2DMode":false,"pivot":{"x":0.08874493837356568,"y":-0.29852020740509035,"z":-0.09814810752868653},"rotation":{"x":-0.013253061100840569,"y":0.9804578423500061,"z":-0.18297511339187623,"w":-0.07101534307003021},"size":1.1580188274383546,"orthographic":false}